TrackLatitude,TrackLongitude,EpocTimeMilliSeconds
21.10851748,79.04453359,1668452400
26.18499139,85.90243457,1668452400
26.17808546,85.91930642,1668452400
26.18781431,85.93437236,1668452400
26.20445102,85.93256793,1668452400
25.6000993,84.89867739,1668452400
25.57414961,84.8845112,1668452400
25.59824832,84.86681041,1668452400
17.63322087,78.3864014,1668452400
17.61307984,78.40813619,1668452400
17.64119911,78.41546141,1668452400
26.2016277,85.90062565,1668452400
26.2516085,73.02951972,1668452400
26.2368031,73.05711103,1668452400
26.26575357,73.05753725,1668452400
26.21135848,85.91569307,1668452400
21.09491343,79.02940322,1668452400
21.07720603,79.03851439,1668452400
21.07986478,79.05927314,1668452400
21.0992159,79.06299566,1668452400
26.28010905,73.01036698,1668452401
17.75407906,78.29408189,1668452401
17.72596011,78.28675208,1668452401
25.69148962,84.72892076,1668452401
25.66554025,84.71474378,1668452401
25.68963865,84.69702951,1668452401
21.15015244,78.89733149,1668452401
26.26530371,73.03796502,1668452401
21.13244516,78.90644604,1668452401
21.13510389,78.92721246,1668452401
21.15445488,78.93093637,1668452401
21.16375641,78.91246746,1668452401
26.29425406,73.03839135,1668452401
17.7461009,78.26500372,1668452401
26.31186419,85.73995409,1668452401
26.30213355,85.72487371,1668452401
26.28549748,85.7266842,1668452401
26.27859164,85.74357056,1668452401
26.28832035,85.75864946,1668452401
26.30495683,85.75684349,1668452401
26.3888264,85.58292663,1668452402
25.78102899,84.52724854,1668452402
25.75693089,84.54497636,1668452402
26.41236991,85.56421511,1668452402
17.85898093,78.14360597,1668452402
17.83884038,78.165368,1668452402
26.37909783,85.5678347,1668452402
17.866959,78.17270243,1668452402
26.38600356,85.55093375,1668452402
26.40546264,85.58111911,1668452402
26.32275455,73.01924545,1668452402
26.29380432,73.01881902,1668452402
26.3086096,72.99121423,1668452402
26.4026394,85.54912169,1668452402
21.21899533,78.78040133,1668452402
25.78287993,84.55916419,1668452402
21.190343,78.79515181,1668452402
21.18768429,78.77437768,1668452402
21.20539145,78.76525974,1668452402
21.20969386,78.79887711,1668452402
17.97983894,78.05132302,1668452403
21.27423426,78.6483352,1668452403
17.97186096,78.02220813,1668452403
26.33711015,72.97206147,1668452403
26.32230493,72.99967302,1668452403
26.35125504,73.00009956,1668452403
17.95172065,78.04398394,1668452403
21.26063046,78.63318797,1668452403
25.87241933,84.35746752,1668452403
25.84832154,84.37520895,1668452403
25.87427024,84.38940768,1668452403
21.24292342,78.6423093,1668452403
21.24558211,78.66309117,1668452403
21.26493285,78.66681786,1668452403
26.51287563,85.38847612,1668452403
26.50314525,85.37336959,1668452403
26.48650964,85.37518324,1668452403
26.47960401,85.39209885,1668452403
26.48933244,85.40720389,1668452403
26.50596845,85.40539481,1668452403
26.36561069,72.95290871,1668452404
26.6036511,85.19761742,1668452404
26.35080554,72.98052702,1668452404
26.58701573,85.19943266,1668452404
26.5801102,85.21636302,1668452404
18.09271888,77.92994367,1668452404
18.06460092,77.92259991,1668452404
26.58983848,85.23148122,1668452404
26.60647425,85.22967057,1668452404
25.96566056,84.21965123,1668452404
25.93971218,84.20544155,1668452404
25.96380966,84.18768643,1668452404
26.61338134,85.21273713,1668452404
26.37975554,72.98095367,1668452404
18.08474099,77.90081022,1668452404
21.32947318,78.51626907,1668452404
21.31586947,78.50111618,1668452404
21.29816255,78.51024092,1668452404
21.30082122,78.53103054,1668452404
21.32017183,78.53475863,1668452404
18.20559882,77.80856438,1668452405
26.40825603,72.96180778,1668452405
26.37930614,72.96138103,1668452405
26.39411124,72.93375594,1668452405
26.71388706,85.03699812,1668452405
26.70415695,85.02186516,1668452405
26.68752181,85.023682,1668452405
26.68061638,85.04062719,1668452405
26.69034452,85.05575863,1668452405
26.70698006,85.0539464,1668452405
18.19762102,77.77941222,1668452405
18.17748119,77.8012159,1668452405
26.05705087,84.04989483,1668452405
21.38471211,78.38420293,1668452405
21.37110849,78.36904436,1668452405
21.35340168,78.37817253,1668452405
21.35606033,78.39896993,1668452405
21.37541082,78.40269942,1668452405
26.0552,84.01790528,1668452405
26.03110283,84.03567414,1668452405
26.42261179,72.91460316,1668452406
26.80748587,84.8782223,1668452406
26.14844118,83.88013849,1668452406
26.81439277,84.86125911,1668452406
26.80466279,84.84611283,1668452406
26.78802789,84.84793128,1668452406
26.78112257,84.86489136,1668452406
26.79085057,84.88003611,1668452406
18.29036146,77.67983191,1668452406
18.31050105,77.65801415,1668452406
26.40780675,72.94223504,1668452406
26.14659033,83.84812407,1668452406
26.12249347,83.86590675,1668452406
26.43675652,72.9426619,1668452406
18.31847876,77.68718515,1668452406
21.41129945,78.26690933,1668452406
21.40864081,78.24610413,1668452406
21.4263475,78.23697253,1668452406
21.4306498,78.27064023,1668452406
21.43995103,78.25213679,1668452406
26.89135661,84.70431368,1668452407
21.48158651,78.10490067,1668452407
26.23798067,83.67834279,1668452407
26.21388412,83.69613935,1668452407
26.23983149,83.71038221,1668452407
21.46387994,78.11403571,1668452407
26.90799168,84.70249828,1668452407
26.88162875,84.68915555,1668452407
26.88853398,84.67218049,1668452407
26.90516864,84.67036042,1668452407
18.4313587,77.56580597,1668452407
21.49518995,78.12007064,1668452407
26.45111234,72.89545038,1668452407
26.43630736,72.92308905,1668452407
26.46525701,72.92351602,1668452407
21.48588878,78.13858106,1668452407
26.91489848,84.68552008,1668452407
18.40324173,77.55844794,1668452407
18.42338108,77.536616,1668452407
21.46653856,78.13484875,1668452407
26.329371,83.50856145,1668452408
26.30527476,83.52637196,1668452408
26.33122181,83.54062598,1668452408
26.47961289,72.87629759,1668452408
26.46480797,72.90394306,1668452408
26.49375751,72.90437015,1668452408
21.51911907,77.98196729,1668452408
18.54423863,77.44442685,1668452408
21.52177767,78.00278819,1668452408
26.99186266,84.52859132,1668452408
26.98904006,84.49642963,1668452408
27.00567449,84.49460794,1668452408
27.0154042,84.50978105,1668452408
21.55042888,77.9880045,1668452408
18.51612201,77.43706399,1668452408
18.53626111,77.41521776,1668452408
21.53682552,77.97282879,1668452408
21.54112776,78.00652191,1668452408
27.00849749,84.52677432,1668452408
26.98213494,84.51341975,1668452408
18.64914114,77.29381945,1668452409
26.42261212,83.37086982,1668452409
26.39666541,83.35660458,1668452409
18.65711857,77.32304778,1668452409
18.62900228,77.31568007,1668452409
26.42076134,83.33878005,1668452409
26.50811343,72.85714479,1668452409
27.1090033,84.35105043,1668452409
21.59636675,77.87446277,1668452409
26.522258,72.88522428,1668452409
21.6056678,77.85593835,1668452409
21.59206453,77.84075689,1668452409
21.5743582,77.84989885,1668452409
21.57701678,77.87072763,1668452409
27.10618034,84.31885537,1668452409
27.08954615,84.32067869,1668452409
27.11590991,84.33404201,1668452409
27.0923687,84.35286904,1668452409
27.08264113,84.33768395,1668452409
26.49330857,72.88479708,1668452409
27.21641562,84.15830296,1668452410
27.20668618,84.14310272,1668452410
27.19005224,84.14492769,1668452410
27.18314732,84.16194816,1668452410
27.19287474,84.17714685,1668452410
21.65160573,77.74240366,1668452410
21.63225589,77.7386671,1668452410
21.62959733,77.71783041,1668452410
26.51215167,83.16899859,1668452410
26.48805605,83.1868372,1668452410
26.51400243,83.20111371,1668452410
27.2095091,84.17532662,1668452410
21.66090672,77.72387219,1668452410
18.74188256,77.19429617,1668452410
26.53661398,72.83799199,1668452410
26.52180918,72.86565111,1668452410
26.55075849,72.86607841,1668452410
18.76999851,77.20166878,1668452410
18.76202117,77.17242105,1668452410
21.64730354,77.70868497,1668452410
18.85476284,77.07291229,1668452411
18.8749012,77.05102257,1668452411
26.57925898,72.84693254,1668452411
26.60354201,82.99921706,1668452411
26.5794467,83.01706982,1668452411
26.60539274,83.03135767,1668452411
27.31692133,83.98256391,1668452411
27.30719203,83.96735,1668452411
18.88287844,77.08028983,1668452411
27.29055832,83.96917661,1668452411
26.56511453,72.81883918,1668452411
27.2836535,83.98621238,1668452411
27.29338079,84.00142473,1668452411
27.31001491,83.99960287,1668452411
21.70684471,77.61034457,1668452411
21.68749501,77.60660658,1668452411
21.68483646,77.58576196,1668452411
21.70254255,77.57661303,1668452411
21.71614565,77.59180604,1668452411
26.55030979,72.84650513,1668452411
27.41742704,83.80682484,1668452412
27.40769787,83.79159719,1668452412
27.39388683,83.82570269,1668452412
27.41052072,83.8238792,1668452412
26.60775948,72.82778668,1668452412
18.99575838,76.95891094,1668452412
26.59361508,72.79968636,1668452412
18.98778123,76.92962402,1668452412
26.5788104,72.82735916,1668452412
27.39106441,83.79342547,1668452412
26.69493234,82.82943547,1668452412
26.67083735,82.84730245,1668452412
26.69678305,82.86160168,1668452412
21.74007559,77.45369349,1668452412
21.74273412,77.47454607,1668452412
21.7620837,77.47828549,1668452412
21.75778156,77.44454107,1668452412
21.77138457,77.45973988,1668452412
18.96764311,76.95152844,1668452412
27.38415969,83.81047661,1668452412
27.50820372,83.6158443,1668452413
27.51793275,83.63108577,1668452413
27.51102652,83.6481556,1668452413
26.60731101,72.8082132,1668452413
26.62211562,72.78053353,1668452413
27.4915705,83.61767425,1668452413
26.63625997,72.80864082,1668452413
27.48466588,83.63474085,1668452413
26.78632268,82.65965382,1668452413
21.81302057,77.31246908,1668452413
19.10863831,76.83753211,1668452413
27.49439288,83.64998073,1668452413
26.762228,82.67753508,1668452413
26.78817336,82.69184575,1668452413
21.82662349,77.32767372,1668452413
19.08052339,76.83014461,1668452413
21.79531472,77.32162502,1668452413
21.79797323,77.34248558,1668452413
21.81732268,77.34622644,1668452413
19.10066126,76.80822538,1668452413
21.88186242,77.19560755,1668452414
27.61843846,83.45534669,1668452414
19.21354129,76.68682666,1668452414
26.65061617,72.7613807,1668452414
26.63581161,72.78906723,1668452414
26.66476046,72.78949497,1668452414
27.60870957,83.44009134,1668452414
21.86825958,77.18039708,1668452414
27.58517207,83.4590051,1668452414
27.59489892,83.47425886,1668452414
27.59207658,83.44192296,1668452414
26.85361865,82.50776772,1668452414
26.87771301,82.4898721,1668452414
27.61153233,83.47243207,1668452414
21.87256166,77.21416741,1668452414
19.19340367,76.7087608,1668452414
19.22151824,76.71615334,1668452414
21.85321234,77.2104251,1668452414
21.85055385,77.18955653,1668452414
26.87956367,82.52208988,1668452414
21.90579298,77.05748804,1668452415
26.69326095,72.77034912,1668452415
26.66431222,72.76992127,1668452415
21.90845146,77.07836464,1668452415
21.9234986,77.04832505,1668452415
21.93710134,77.06354138,1668452415
26.67911672,72.74222786,1668452415
27.71894417,83.27960759,1668452415
27.70921541,83.26433829,1668452415
27.69258267,83.2661716,1668452415
27.68567827,83.28326935,1668452415
27.69540497,83.29853706,1668452415
27.71203813,83.29670861,1668452415
21.92780064,77.08210839,1668452415
19.32642132,76.56542785,1668452415
19.33439818,76.59477463,1668452415
26.96910334,82.32009032,1668452415
26.94500929,82.33800036,1668452415
26.97095398,82.35233406,1668452415
19.30628396,76.58737702,1668452415
27.06049368,82.15030848,1668452416
27.03639994,82.16823301,1668452416
27.06234429,82.18257831,1668452416
27.79308876,83.09042016,1668452416
27.80972126,83.08858516,1668452416
19.44727811,76.47339597,1668452416
27.81944988,83.10386849,1668452416
26.72176144,72.75120327,1668452416
26.69281283,72.75077532,1668452416
19.41916424,76.46599326,1668452416
21.99234026,76.93147521,1668452416
21.97873761,76.916253,1668452416
21.96103211,76.92541953,1668452416
26.70761727,72.72307502,1668452416
21.98303963,76.9500494,1668452416
21.96369057,76.94630419,1668452416
27.79591102,83.12281534,1668452416
27.81254394,83.12098523,1668452416
27.78618446,83.10753361,1668452416
19.43930135,76.44402897,1668452416
22.03397662,76.78418093,1668452417
26.73611781,72.70392216,1668452417
26.72131344,72.73162936,1668452417
22.04757918,76.79940904,1668452417
27.1537346,82.01282262,1668452417
27.12779059,81.99846566,1668452417
27.15188401,81.98052657,1668452417
19.56015804,76.35201738,1668452417
19.53204452,76.34460952,1668452417
22.03827861,76.81799042,1668452417
22.01892968,76.81424376,1668452417
22.01627125,76.79335101,1668452417
19.55218137,76.32263,1668452417
26.75026194,72.73205742,1668452417
27.91995559,82.92812939,1668452417
27.9102271,82.91283195,1668452417
27.89359485,82.91466865,1668452417
27.88669065,82.93179789,1668452417
27.89641706,82.94709371,1668452417
27.91304974,82.94526192,1668452417
27.98719684,82.75606217,1668452418
27.99410093,82.73891707,1668452418
22.0741688,76.68218335,1668452418
22.07151038,76.66128249,1668452418
26.76461836,72.6847693,1668452418
28.01073295,82.73707865,1668452418
27.99692311,82.77137216,1668452418
22.09351759,76.68593147,1668452418
22.08921563,76.65210883,1668452418
28.02046129,82.75239027,1668452418
28.01355555,82.76953868,1668452418
27.24512491,81.84306699,1668452418
27.21918125,81.82869832,1668452418
27.24327434,81.81074459,1668452418
19.67303797,76.23063884,1668452418
19.64492481,76.22322581,1668452418
19.6650614,76.20123095,1668452418
26.77876243,72.71291158,1668452418
26.74981405,72.71248341,1668452418
22.1028181,76.66734286,1668452418
22.12674951,76.52921395,1668452419
22.12940791,76.55012295,1668452419
22.14875657,76.55387253,1668452419
26.80726292,72.69376575,1668452419
26.77831466,72.69333746,1668452419
26.79311891,72.66561644,1668452419
22.14445464,76.52003672,1668452419
27.33466467,81.64096255,1668452419
22.15805702,76.53527668,1668452419
28.120967,82.57665114,1668452419
19.7859179,76.10926036,1668452419
19.75780509,76.10184212,1668452419
19.77794143,76.07983182,1668452419
27.33651522,81.67331142,1668452419
27.3105719,81.65893098,1668452419
28.11123879,82.56132528,1668452419
28.09460702,82.56316542,1668452419
28.08770304,82.58032646,1668452419
28.11406135,82.59381551,1668452419
28.09742916,82.59565069,1668452419
26.83576341,72.67461991,1668452420
26.80681526,72.67419152,1668452420
19.87068538,75.98045845,1668452420
19.89879783,75.98788195,1668452420
28.21174463,82.38557182,1668452420
28.18820923,82.40459076,1668452420
28.1979352,82.4199293,1668452420
28.21456715,82.41809242,1668452420
19.89082146,75.9584326,1668452420
26.82161946,72.64646357,1668452420
28.22147271,82.40091201,1668452420
28.19511311,82.38741369,1668452420
22.18198864,76.3971454,1668452420
27.40196255,81.48916365,1668452420
27.42605501,81.47118045,1668452420
22.21329594,76.4032105,1668452420
22.20399555,76.42181362,1668452420
22.18464702,76.41806256,1668452420
27.42790553,81.50355591,1668452420
22.19969365,76.38796458,1668452420
26.8642639,72.65547408,1668452421
26.83531587,72.65504558,1668452421
26.85012,72.62731069,1668452421
22.26853487,76.27114431,1668452421
20.01167775,75.86650359,1668452421
19.98356566,75.85907481,1668452421
20.00370148,75.8370333,1668452421
22.25923454,76.28975472,1668452421
22.23988614,76.28600219,1668452421
22.25493266,76.25589242,1668452421
28.32197841,82.22517286,1668452421
22.23722778,76.26507684,1668452421
28.2956192,82.21166189,1668452421
27.51744534,81.30139828,1668452421
27.4933532,81.31939632,1668452421
27.51929584,81.33380046,1668452421
28.31225048,82.20981828,1668452421
28.31507296,82.24236941,1668452421
28.29844125,82.244208,1668452421
28.28871542,82.22885506,1668452421
22.29246691,76.13300827,1668452422
22.29512525,76.15394184,1668452422
22.31447352,76.15769585,1668452422
28.41557876,82.06664646,1668452422
27.58474385,81.14962899,1668452422
27.60883567,81.13161604,1668452422
20.11658151,75.71563392,1668452422
22.31017167,76.12382024,1668452422
27.61068614,81.16404507,1668452422
28.3989473,82.06848678,1668452422
28.39612529,82.03591001,1668452422
28.41275632,82.03406466,1668452422
28.42248411,82.04943371,1668452422
26.87862055,72.6081578,1668452422
26.86381648,72.63589965,1668452422
26.89276439,72.63632826,1668452422
20.09644595,75.73769119,1668452422
20.12455768,75.74512529,1668452422
22.32377379,76.13907813,1668452422
28.38922162,82.05311938,1668452422
27.67613451,80.97986167,1668452423
27.70207645,80.99428974,1668452423
20.20932624,75.61630759,1668452423
20.23743761,75.62374706,1668452423
20.22946154,75.59423445,1668452423
27.700226,80.96183374,1668452423
22.36541068,75.99174804,1668452423
28.48972782,81.87738371,1668452423
28.49663138,81.86015806,1668452423
28.51326217,81.85831095,1668452423
28.52298982,81.87369455,1668452423
22.37901271,76.00701193,1668452423
28.49945334,81.89276564,1668452423
28.51608456,81.8909236,1668452423
26.89231709,72.61675371,1668452423
26.9071211,72.5890049,1668452423
22.3697125,76.02563699,1668452423
22.35036437,76.0218815,1668452423
22.34770604,76.00093969,1668452423
26.92126489,72.61718244,1668452423
27.76752516,80.81009435,1668452424
28.61376801,81.68255716,1668452424
28.62349552,81.69795538,1668452424
28.59713747,81.68440603,1668452424
27.79346676,80.82453448,1668452424
27.79161633,80.79205137,1668452424
28.59995939,81.71704459,1668452424
26.94976538,72.59803662,1668452424
20.34234156,75.4728349,1668452424
26.9208177,72.59760778,1668452424
26.93562165,72.569852,1668452424
20.32220653,75.49492402,1668452424
28.61659037,81.7152008,1668452424
20.35031753,75.50236888,1668452424
28.59023401,81.70164804,1668452424
22.43425163,75.87494574,1668452424
22.42064969,75.85967582,1668452424
22.40294518,75.8688711,1668452424
22.40560348,75.88982118,1668452424
22.42495148,75.89357816,1668452424
20.43508682,75.37354048,1668452425
27.88300666,80.62226894,1668452425
20.46319746,75.38099077,1668452425
22.48949055,75.74287954,1668452425
22.4758887,75.72760357,1668452425
20.45522159,75.35143526,1668452425
22.4608426,75.75776087,1668452425
22.48019046,75.76151935,1668452425
26.96412219,72.55069909,1668452425
26.94931831,72.57846186,1668452425
26.97826587,72.5788908,1668452425
28.71709617,81.53947808,1668452425
28.70046544,81.54132362,1668452425
28.69074021,81.52591238,1668452425
28.69764356,81.50865393,1668452425
28.71427385,81.50680328,1668452425
28.72400123,81.5222162,1668452425
27.85891581,80.64032704,1668452425
27.88485707,80.65477927,1668452425
22.45818431,75.7368025,1668452425
27.95030647,80.47055974,1668452426
22.51608171,75.62570058,1668452426
22.53542944,75.62946055,1668452426
28.82450693,81.34647701,1668452426
28.81477969,81.33104932,1668452426
28.79814965,81.33290176,1668452426
28.79124641,81.35017674,1668452426
28.80097149,81.36560274,1668452426
22.51342344,75.60473389,1668452426
28.81760197,81.36375544,1668452426
27.00676636,72.55974499,1668452426
26.97781891,72.55931593,1668452426
26.99262274,72.53154618,1668452426
27.974397,80.45248643,1668452426
22.54472947,75.61081334,1668452426
22.53112771,75.59553131,1668452426
20.57607738,75.25961271,1668452426
27.97624737,80.48502413,1668452426
20.56810161,75.23003554,1668452426
20.54796711,75.25215695,1668452426
28.06763768,80.31526905,1668452427
28.90147754,81.18988194,1668452427
27.02112329,72.51239326,1668452427
27.03526685,72.54059918,1668452427
27.00631952,72.54017001,1668452427
20.68098164,75.10863573,1668452427
20.66084741,75.13077345,1668452427
28.8917526,81.1744411,1668452427
28.89865575,81.1571495,1668452427
28.91528554,81.15529527,1668452427
28.92501263,81.17073781,1668452427
28.04169712,80.30079244,1668452427
28.91810777,81.18803288,1668452427
20.68895731,75.13823472,1668452427
22.59066842,75.49740178,1668452427
28.06578733,80.28270387,1668452427
22.59996839,75.47874714,1668452427
22.58636672,75.46345902,1668452427
22.56866258,75.47266527,1668452427
22.57132083,75.4936403,1668452427
29.00198358,81.01416122,1668452428
27.04962384,72.49324033,1668452428
27.03482013,72.5210241,1668452428
27.06376734,72.52145337,1668452428
22.62390171,75.34059664,1668452428
20.79386166,74.98723584,1668452428
22.64160573,75.3313867,1668452428
22.65520731,75.34668093,1668452428
20.7737277,75.00938998,1668452428
28.9922588,80.99870547,1668452428
28.13308778,80.13102514,1668452428
28.15717766,80.11292123,1668452428
22.64590741,75.36534302,1668452428
22.62655994,75.36158004,1668452428
29.01861357,81.01231039,1668452428
29.02551833,80.9949986,1668452428
29.01579138,80.97954114,1668452428
28.99916184,80.98139717,1668452428
28.15902799,80.14551403,1668452428
20.80183723,75.01685679,1668452428
29.11911937,80.83658797,1668452429
27.09226783,72.50230757,1668452429
27.06332074,72.50187818,1668452429
27.07812439,72.47408739,1668452429
29.10248963,80.83844059,1668452429
29.092765,80.82296985,1668452429
20.88660799,74.88800653,1668452429
22.70114639,75.23328429,1668452429
22.71044622,75.21461472,1668452429
29.12602403,80.81925939,1668452429
29.11629722,80.80378693,1668452429
28.24856799,79.94313853,1668452429
28.22447844,79.96125785,1668452429
28.25041829,79.97575907,1668452429
22.69684474,75.19931437,1668452429
22.67914084,75.208528,1668452429
22.68179906,75.22951979,1668452429
20.91471715,74.89547892,1668452429
29.09966793,80.80564477,1668452429
20.90674169,74.86583586,1668452429
22.76568514,75.08254851,1668452430
22.75208375,75.06724201,1668452430
22.73437998,75.07645934,1668452430
22.73703817,75.09745956,1668452430
22.75638537,75.10122557,1668452430
29.1932712,80.64723424,1668452430
29.22652973,80.64352016,1668452430
29.20017402,80.62989229,1668452430
29.21680306,80.62803262,1668452430
20.99948829,74.7666231,1668452430
28.3418086,79.80600418,1668452430
21.02759707,74.77410111,1668452430
27.12076833,72.48316178,1668452430
27.09182135,72.48273227,1668452430
28.31586909,79.79149056,1668452430
27.10662493,72.45493445,1668452430
21.01962171,74.74443579,1668452430
28.33995832,79.77335576,1668452430
29.20299568,80.66272005,1668452430
29.21962517,80.66086564,1668452430
29.30350173,80.48699959,1668452431
29.2937774,80.47149864,1668452431
29.30068011,80.45413973,1668452431
27.12032196,72.46358637,1668452431
29.32703543,80.46778093,1668452431
21.140477,74.65272336,1668452431
21.11236859,74.6452397,1668452431
21.13250174,74.62303564,1668452431
29.3173089,80.45227824,1668452431
29.32013097,80.48514338,1668452431
22.82092406,74.95048229,1668452431
27.14926882,72.46401598,1668452431
22.81162435,74.96916688,1668452431
22.79227729,74.96539935,1668452431
22.78961911,74.94439068,1668452431
22.80732276,74.93516964,1668452431
28.43134865,79.60357292,1668452431
28.40725975,79.62172328,1668452431
28.4331989,79.63624935,1668452431
27.13512548,72.4357815,1668452431
29.40118621,80.27838709,1668452432
29.3942836,80.29576305,1668452432
29.42754113,80.29204168,1668452432
29.41781475,80.27652376,1668452432
29.42063677,80.3094212,1668452432
29.40400778,80.31127923,1668452432
27.14882257,72.44444047,1668452432
27.17776931,72.44487019,1668452432
28.52458921,79.46649458,1668452432
28.52273898,79.43379002,1668452432
22.8475164,74.83333915,1668452432
21.24538176,74.5016354,1668452432
27.16362603,72.41662854,1668452432
21.22524888,74.52385632,1668452432
22.86686333,74.83710821,1668452432
22.84485825,74.812322,1668452432
22.86256177,74.80309724,1668452432
22.87616298,74.81841607,1668452432
21.25335692,74.53134568,1668452432
28.49865041,79.451956,1668452432
22.9314019,74.68634985,1668452433
22.91780078,74.67102481,1668452433
28.61412931,79.26400704,1668452433
28.59004106,79.28218873,1668452433
21.35826178,74.38023508,1668452433
21.33812918,74.40247297,1668452433
21.36623683,74.40996805,1668452433
22.90009738,74.68025332,1668452433
29.52804683,80.11630243,1668452433
29.51832059,80.1007692,1668452433
22.90275552,74.70127896,1668452433
29.5016923,80.10263438,1668452433
27.17732318,72.42529457,1668452433
29.4947898,80.12002746,1668452433
27.2062698,72.4257244,1668452433
28.61597951,79.29673988,1668452433
27.19212658,72.39747558,1668452433
29.50451383,80.13555894,1668452433
22.92210231,74.70504955,1668452433
29.52114257,80.13369909,1668452433
21.47911675,74.28859049,1668452434
21.45100948,74.28108964,1668452434
21.47114181,74.25883466,1668452434
22.98664082,74.55428363,1668452434
29.61882643,79.92501455,1668452434
29.595296,79.94429189,1668452434
29.60501988,79.95983875,1668452434
29.62164837,79.95797707,1668452434
22.97734129,74.57299092,1668452434
22.95799463,74.56921879,1668452434
22.95533652,74.54818462,1668452434
22.97303979,74.53895237,1668452434
29.62855253,79.94056317,1668452434
29.60219839,79.92688159,1668452434
28.70551964,79.094224,1668452434
27.22062712,72.37832261,1668452434
28.68143172,79.11242146,1668452434
28.70736982,79.12698524,1668452434
27.23477029,72.40657862,1668452434
27.20582379,72.40614867,1668452434
27.24912767,72.35916963,1668452435
21.58402183,74.13743416,1668452435
21.56388978,74.15970634,1668452435
21.59199667,74.167213,1668452435
23.04187973,74.4222174,1668452435
23.0282788,74.4068799,1668452435
23.01057565,74.41611592,1668452435
23.01323375,74.43715864,1668452435
23.03258027,74.44093231,1668452435
27.23432439,72.38700278,1668452435
29.72215417,79.78225512,1668452435
29.69580221,79.76855632,1668452435
28.79690996,78.92444089,1668452435
28.77282238,78.9426542,1668452435
28.79876012,78.95723067,1668452435
29.70552593,79.78411864,1668452435
27.26327078,72.38743284,1668452435
29.72905823,79.76482389,1668452435
29.71933227,79.74925981,1668452435
29.70270449,79.75112872,1668452435
23.06581479,74.2840472,1668452436
27.29177127,72.36828707,1668452436
27.27762822,72.34001665,1668452436
23.06847287,74.30509851,1668452436
23.08781925,74.30887372,1668452436
23.09711865,74.29015117,1668452436
23.08351781,74.27480741,1668452436
27.262825,72.36785689,1668452436
21.67677008,74.03832306,1668452436
21.70487659,74.04583556,1668452436
29.82265997,79.60653325,1668452436
29.80603198,79.60839862,1668452436
29.79630841,79.59282077,1668452436
29.80321058,79.57537577,1668452436
29.81983811,79.57350498,1668452436
29.82956392,79.58908461,1668452436
28.89015043,78.78747615,1668452436
28.86421304,78.77288694,1668452436
28.88830029,78.75465771,1668452436
21.69690185,74.01603357,1668452436
23.13875682,74.1427349,1668452437
21.80978188,73.8946329,1668452437
23.15235757,74.15808493,1668452437
23.12105393,74.15197847,1668452437
27.30612877,72.32086365,1668452437
23.14305823,74.17681515,1668452437
28.97969062,78.58487446,1668452437
28.9556037,78.60311969,1668452437
29.93006962,79.41334532,1668452437
29.92034395,79.39775007,1668452437
29.90371668,79.39962274,1668452437
29.89681461,79.41708522,1668452437
29.90653803,79.43267869,1668452437
29.92316577,79.43081146,1668452437
21.78965038,73.91693981,1668452437
23.12371198,74.17303838,1668452437
27.29132561,72.34871101,1668452437
28.98154073,78.61772171,1668452437
27.32027176,72.34914129,1668452437
21.81775651,73.92445819,1668452437
27.33462931,72.30171065,1668452438
27.31982622,72.32956512,1668452438
27.34877226,72.32999552,1668452438
23.19829721,74.0447566,1668452438
23.1789511,74.04097828,1668452438
23.17629306,74.01990973,1668452438
23.19399583,74.01066236,1668452438
23.20759649,74.0260187,1668452438
21.93063642,73.80308088,1668452438
21.90253069,73.79555658,1668452438
29.07293104,78.44796732,1668452438
29.04699436,78.43335244,1668452438
29.07108095,78.41509114,1668452438
30.02367156,79.25508975,1668452438
29.99732082,79.24134969,1668452438
30.00704408,79.25695885,1668452438
30.02084979,79.22199506,1668452438
30.03057531,79.23760602,1668452438
21.9226619,73.77323213,1668452438
30.00422277,79.22386963,1668452438
29.16432134,78.27821301,1668452439
23.25353619,73.91269807,1668452439
23.23419022,73.90891819,1668452439
23.2628354,73.89395246,1668452439
29.16247128,78.24530775,1668452439
29.13838502,78.2635852,1668452439
27.34832683,72.31041925,1668452439
27.36312986,72.28255765,1668452439
30.10472887,79.04811644,1668452439
22.03554192,73.65183128,1668452439
22.01541099,73.67417338,1668452439
22.04351634,73.68170364,1668452439
30.13108101,79.06186671,1668452439
30.12135563,79.04623997,1668452439
23.24923484,73.87858981,1668452439
23.2315322,73.88784098,1668452439
30.09782702,79.06561416,1668452439
30.10755013,79.0812391,1668452439
30.12417736,79.07936812,1668452439
27.37727275,72.31084976,1668452439
23.30447385,73.74651723,1668452440
23.31807432,73.76188621,1668452440
23.28677133,73.75577222,1668452440
23.28942933,73.77685812,1668452440
23.30877517,73.78063956,1668452440
30.23158671,78.88612739,1668452440
30.20523496,78.87236317,1668452440
30.19833323,78.88987865,1668452440
30.20805618,78.90551944,1668452440
30.22468316,78.90364657,1668452440
29.25386161,78.07552429,1668452440
29.22977568,78.09381796,1668452440
29.25571164,78.10845875,1668452440
22.14842194,73.53043033,1668452440
22.1282913,73.5527902,1668452440
22.15639625,73.56032646,1668452440
27.40577324,72.291704,1668452440
30.22186147,78.87048479,1668452440
27.37682744,72.29127337,1668452440
27.39163041,72.26340463,1668452440
27.43427373,72.27255824,1668452441
27.40532805,72.2721275,1668452441
27.42013096,72.24425161,1668452441
22.26927617,73.43894935,1668452441
22.2411716,73.43140705,1668452441
29.34710195,77.93870457,1668452441
29.32116634,77.92405073,1668452441
29.34525193,77.90574076,1668452441
23.36401415,73.64858107,1668452441
23.34466845,73.64479806,1668452441
23.34201047,73.62370345,1668452441
23.35971286,73.61444462,1668452441
22.26130197,73.4090293,1668452441
23.37331324,73.62981997,1668452441
30.32518895,78.7279251,1668452441
30.30856224,78.72979986,1668452441
30.29883943,78.71414314,1668452441
30.30574106,78.69660983,1668452441
30.32236731,78.69472951,1668452441
30.3320924,78.71038806,1668452441
30.40906829,78.55408038,1668452442
30.40624715,78.5208564,1668452442
30.39934564,78.53840764,1668452442
29.43849225,77.76895045,1668452442
29.41255701,77.7542835,1668452442
29.43664226,77.73595716,1668452442
27.4486315,72.22509859,1668452442
23.41925313,73.5165226,1668452442
23.39990757,73.51273802,1668452442
23.39724961,73.49163467,1668452442
23.41495187,73.482372,1668452442
27.46277422,72.25341248,1668452442
23.42855215,73.49775372,1668452442
30.42569475,78.55220371,1668452442
27.43382866,72.25298163,1668452442
30.43259809,78.53464872,1668452442
22.37418199,73.28762818,1668452442
22.35405191,73.31002393,1668452442
22.38215608,73.31757229,1668452442
30.42287315,78.51897415,1668452442
30.50675325,78.34510289,1668452443
27.49127471,72.23426673,1668452443
23.48379107,73.36568746,1668452443
23.47019088,73.35029935,1668452443
23.45248874,73.35956587,1668452443
23.45514669,73.38067799,1668452443
23.47449211,73.38446415,1668452443
22.49503599,73.19619531,1668452443
30.53310379,78.35890937,1668452443
22.46693222,73.18864083,1668452443
27.46232927,72.23383577,1668452443
27.47713205,72.20594555,1668452443
30.52337898,78.34321869,1668452443
29.52803259,77.56617348,1668452443
29.50394767,77.58451627,1668452443
29.52988255,77.59919639,1668452443
30.52620055,78.3764824,1668452443
30.50957434,78.37836099,1668452443
30.49985184,78.36267215,1668452443
22.48706201,73.16622697,1668452443
29.61942292,77.39638974,1668452444
29.62127285,77.4294424,1668452444
27.5056326,72.18679251,1668452444
27.49082988,72.2146899,1668452444
29.59533833,77.41474906,1668452444
23.53902998,73.23362121,1668452444
23.50772788,73.22749707,1668452444
23.5103858,73.24861798,1668452444
23.52973109,73.25240573,1668452444
27.5197752,72.21512099,1668452444
30.62670634,78.20076118,1668452444
30.61008039,78.20264169,1668452444
30.60035805,78.18693668,1668452444
30.60725935,78.1693493,1668452444
30.62388482,78.16746315,1668452444
30.63360948,78.18317001,1668452444
22.59994203,73.04482566,1668452444
22.57981252,73.06725775,1668452444
22.6079159,73.07481839,1668452444
23.52542989,73.21822668,1668452444
27.53413315,72.16763946,1668452445
23.56296702,73.09542825,1668452445
27.54827569,72.19597524,1668452445
30.72721214,78.02504003,1668452445
30.71058644,78.02692248,1668452445
30.70086426,78.01120121,1668452445
30.70776544,77.99359562,1668452445
30.72439066,77.99170751,1668452445
30.73411517,78.00743064,1668452445
22.71282205,72.92342427,1668452445
27.51933049,72.19554405,1668452445
22.69269283,72.9458747,1668452445
22.72079582,72.95344153,1668452445
23.56562492,73.11655799,1668452445
23.58497007,73.12034732,1668452445
23.5806689,73.08615399,1668452445
29.71081324,77.22660593,1668452445
29.686729,77.24498184,1668452445
29.71266316,77.25968848,1668452445
23.5942689,73.10155495,1668452445
27.5478311,72.17639819,1668452446
27.57677618,72.1768295,1668452446
27.56263369,72.1484864,1668452446
29.80220357,77.05682204,1668452446
29.77811966,77.07521464,1668452446
29.80405346,77.08993462,1668452446
30.83462086,77.83169127,1668452446
30.8248965,77.81595178,1668452446
30.80827154,77.81784187,1668452446
23.64020905,72.98828894,1668452446
23.62086404,72.98449801,1668452446
30.8110925,77.85120337,1668452446
30.82771793,77.84931897,1668452446
22.82570207,72.80202278,1668452446
22.80557314,72.82449168,1668452446
22.83367573,72.83206474,1668452446
23.61820616,72.96335943,1668452446
23.63590791,72.95408127,1668452446
23.64950782,72.96948869,1668452446
30.80137046,77.83546575,1668452446
22.93858209,72.6806212,1668452447
22.91845345,72.70310868,1668452447
23.69544803,72.85623057,1668452447
30.90187667,77.6597303,1668452447
29.89544376,76.92018083,1668452447
30.92822373,77.67359799,1668452447
30.91159855,77.67548434,1668452447
30.90877764,77.64208803,1668452447
30.92540234,77.64019596,1668452447
27.57633171,72.15725234,1668452447
27.59113424,72.12933334,1668452447
22.94655564,72.71068801,1668452447
29.8935939,76.88703808,1668452447
29.86951032,76.90544743,1668452447
27.60527667,72.15768377,1668452447
23.67610316,72.85243805,1668452447
23.67344529,72.83129059,1668452447
23.69114692,72.82200853,1668452447
23.70474673,72.83742242,1668452447
30.93512656,77.65595188,1668452447
23.75068701,72.72417223,1668452448
23.74638593,72.68993577,1668452448
23.72868443,72.69922174,1668452448
23.73134227,72.7203781,1668452448
23.75998565,72.70535615,1668452448
23.05146211,72.55921954,1668452448
31.0121046,77.49976541,1668452448
23.05943555,72.58931135,1668452448
31.00238288,77.48399486,1668452448
31.00928373,77.46633411,1668452448
31.02590818,77.46444004,1668452448
31.03563225,77.48021248,1668452448
29.98498422,76.71725405,1668452448
27.61963479,72.11018027,1668452448
23.03133377,72.58172571,1668452448
27.63377716,72.13853803,1668452448
29.96090099,76.73568024,1668452448
29.98683406,76.75042711,1668452448
27.60483231,72.1381065,1668452448
31.02872952,77.49787709,1668452448
30.07637455,76.54746995,1668452449
23.16434213,72.43781777,1668452449
23.14421408,72.46034277,1668452449
23.17231545,72.46793476,1668452449
31.13613794,77.30447307,1668452449
31.12641401,77.28868403,1668452449
31.10978983,77.2905801,1668452449
31.10288909,77.30825944,1668452449
31.11261065,77.32404657,1668452449
31.12923532,77.32215628,1668452449
30.05229165,76.56591304,1668452449
23.80592599,72.59211391,1668452449
23.78392357,72.56715288,1668452449
23.80162494,72.55786299,1668452449
23.81522456,72.57328988,1668452449
27.64813534,72.09102719,1668452449
27.63333292,72.11896065,1668452449
27.66227765,72.11939231,1668452449
30.07822436,76.58067346,1668452449
23.78658139,72.58831817,1668452449
23.28519536,72.34655823,1668452450
30.16961466,76.41091987,1668452450
30.14368232,76.39614586,1668452450
23.27722215,72.31641592,1668452450
30.16776488,76.37768577,1668452450
23.25709439,72.33895985,1668452450
23.86116496,72.46005561,1668452450
31.22974111,77.14643555,1668452450
27.69077814,72.10024658,1668452450
27.66183353,72.09981481,1668452450
27.67663588,72.07187411,1668452450
31.23664363,77.12873365,1668452450
31.22691985,77.11292793,1668452450
31.21029593,77.11482602,1668452450
31.2033953,77.13252402,1668452450
31.21311671,77.14832783,1668452450
23.84182051,72.45625826,1668452450
23.85686395,72.42579018,1668452450
23.83916271,72.43508401,1668452450
23.87046347,72.44122361,1668452450
23.92570239,72.30915733,1668452451
23.91210296,72.29371735,1668452451
23.89440185,72.30301513,1668452451
23.89705963,72.32419836,1668452451
23.91640394,72.32799733,1668452451
31.31362276,76.97260918,1668452451
30.23507298,76.22637868,1668452451
31.33714932,76.95299422,1668452451
31.32742569,76.93717173,1668452451
27.70513643,72.05272102,1668452451
31.31080203,76.93907184,1668452451
31.30390151,76.95678861,1668452451
31.33024691,76.97071491,1668452451
27.69033414,72.08066898,1668452451
30.26100496,76.24116635,1668452451
30.2591552,76.20790152,1668452451
27.71927863,72.08110086,1668452451
23.39010217,72.19501397,1668452451
23.36997471,72.21757696,1668452451
23.39807527,72.22518177,1668452451
27.73363698,72.03356792,1668452452
31.41412881,76.79689063,1668452452
31.4307527,76.79499435,1668452452
23.97164292,72.19593907,1668452452
23.95229875,72.19213848,1668452452
23.94964098,72.17094624,1668452452
23.96734197,72.16164449,1668452452
23.9809413,72.17709105,1668452452
30.35239526,76.0714129,1668452452
30.32646365,76.0566115,1668452452
30.35054553,76.0381172,1668452452
31.40440772,76.78105321,1668452452
31.41130813,76.76331759,1668452452
27.74777912,72.06195514,1668452452
31.43765501,76.77725479,1668452452
27.71883475,72.06152314,1668452452
23.51095518,72.10380538,1668452452
23.48285502,72.09619409,1668452452
23.50298219,72.07361193,1668452452
31.42793152,76.76141544,1668452452
23.62383508,71.98242905,1668452453
23.59573534,71.97481125,1668452453
30.44193585,75.8683328,1668452453
30.41785432,75.88684433,1668452453
23.61586221,71.9522098,1668452453
27.76213753,72.01441481,1668452453
24.03618022,72.04502476,1668452453
24.02258097,72.02957162,1668452453
24.00488012,72.03887734,1668452453
24.0268819,72.06388083,1668452453
30.44378556,75.90165952,1668452453
31.53125849,76.61927387,1668452453
31.51463487,76.62117216,1668452453
31.50491393,76.60531782,1668452453
31.51181423,76.58756325,1668452453
27.74733536,72.04237731,1668452453
31.5381607,76.60151534,1668452453
27.77627962,72.04280943,1668452453
24.00753787,72.06007862,1668452453
31.52843736,76.58565906,1668452453
27.80478011,72.02366372,1668452454
27.77583597,72.02323149,1668452454
27.79063807,71.9952617,1668452454
31.61514092,76.4454538,1668452454
24.06277699,71.92801877,1668452454
24.06011926,71.90680842,1668452454
23.72874223,71.83080757,1668452454
24.08212088,71.93182262,1668452454
24.07781998,71.89749872,1668452454
24.09141913,71.91295847,1668452454
31.63866638,76.42577588,1668452454
31.6289432,76.40990258,1668452454
23.73671499,71.86105279,1668452454
31.61232033,76.41180882,1668452454
31.63176429,76.44355348,1668452454
30.53332618,75.69854833,1668452454
30.50924498,75.71707716,1668452454
30.53517586,75.7319062,1668452454
31.60542014,76.42958245,1668452454
23.70861565,71.85342844,1668452454
31.73917207,76.25003641,1668452455
31.72944903,76.234146,1668452455
31.70592636,76.25384708,1668452455
24.11801611,71.79595894,1668452455
24.14665804,71.78089218,1668452455
24.13305899,71.76542579,1668452455
24.1153584,71.7747395,1668452455
24.13735986,71.79976442,1668452455
27.8332806,72.00451801,1668452455
27.80433658,72.00408566,1668452455
27.81913862,71.97610858,1668452455
30.6247165,75.52876379,1668452455
30.60063565,75.54731,1668452455
30.62656616,75.56215296,1668452455
31.71564697,76.26973553,1668452455
31.73227008,76.26783317,1668452455
31.71282642,76.23605431,1668452455
23.84162225,71.70940525,1668452455
23.82149597,71.73204565,1668452455
23.84959489,71.7396766,1668452455
23.9624748,71.61830048,1668452456
27.86178109,71.98537231,1668452456
31.83967776,76.07429693,1668452456
31.82995487,76.05838933,1668452456
31.81333252,76.06029971,1668452456
31.80643257,76.07811172,1668452456
31.81615303,76.09401736,1668452456
31.83277587,76.09211295,1668452456
27.83283719,71.98493984,1668452456
23.95450227,71.58800283,1668452456
27.84763917,71.95695545,1668452456
24.20189696,71.64882589,1668452456
30.71610683,75.35897917,1668452456
30.69202632,75.37754285,1668452456
30.71795646,75.39239978,1668452456
24.188298,71.63335285,1668452456
24.17059754,71.64267056,1668452456
24.17325523,71.66389912,1668452456
24.19259884,71.66770625,1668452456
23.93437629,71.61066289,1668452456
24.22583668,71.51060161,1668452457
24.06738229,71.46660032,1668452457
24.22849435,71.53183932,1668452457
24.24783782,71.5356481,1668452457
24.04725661,71.48928016,1668452457
27.8613378,71.96579403,1668452457
31.90693878,75.90237637,1668452457
30.80934676,75.22264668,1668452457
30.78341699,75.2077757,1668452457
30.80749715,75.18919448,1668452457
31.93328166,75.91639282,1668452457
31.91665908,75.91829928,1668452457
27.89028158,71.96622661,1668452457
31.91383862,75.88454503,1668452457
31.93046071,75.88263256,1668452457
24.24353701,71.50127988,1668452457
27.87613972,71.93780232,1668452457
24.25713587,71.51675959,1668452457
24.0753547,71.49692442,1668452457
31.94018345,75.89855744,1668452457
24.31237478,71.38469329,1668452458
24.1802623,71.34519771,1668452458
24.16013693,71.36789745,1668452458
24.1882346,71.37554843,1668452458
24.29877602,71.36920689,1668452458
24.28107582,71.37853265,1668452458
24.28373346,71.39977954,1668452458
30.89888748,75.01940971,1668452458
24.30307679,71.40358997,1668452458
30.87480766,75.03800855,1668452458
32.01434472,75.70879026,1668452458
32.03096654,75.70687569,1668452458
32.04068913,75.72281794,1668452458
30.90073706,75.05289364,1668452458
27.90464026,71.91864917,1668452458
27.91878207,71.94708091,1668452458
27.88983841,71.94664822,1668452458
32.01716514,75.7425813,1668452458
32.007445,75.72664104,1668452458
32.03378746,75.74067277,1668452458
32.13147238,75.53111872,1668452459
32.11485083,75.5330354,1668452459
32.10795121,75.55090571,1668452459
30.99212736,74.88314068,1668452459
30.96619833,74.86824141,1668452459
30.9902778,74.84962486,1668452459
32.14119482,75.54707843,1668452459
24.30111451,71.25417252,1668452459
32.11767119,75.56686342,1668452459
24.29314232,71.22379501,1668452459
32.13429325,75.56495282,1668452459
24.35831577,71.27153186,1668452459
24.33897258,71.26771977,1668452459
24.33631496,71.24646368,1668452459
24.35401503,71.23713387,1668452459
24.3676137,71.25262699,1668452459
27.93314081,71.89949602,1668452459
27.91833902,71.92750241,1668452459
27.94728256,71.92793522,1668452459
24.27301725,71.24651478,1668452459
27.94728256,71.908787,1668452460
27.93314081,71.88034781,1668452460
27.91833902,71.90835419,1668452460
24.27301725,71.24651478,1668452460
30.96619833,74.6984731,1668452460
32.20845742,75.3751704,1668452460
32.21535693,75.35728046,1668452460
32.23197821,75.35536166,1668452460
32.2417005,75.37133891,1668452460
30.9902778,74.67985654,1668452460
24.30111451,71.25417252,1668452460
24.42285261,71.25262592,1668452460
24.40925404,71.23712606,1668452460
24.3915541,71.24645993,1668452460
32.21817725,75.39114564,1668452460
24.3942117,71.26772525,1668452460
24.29314232,71.22379501,1668452460
30.99212736,74.71337236,1668452460
24.41355475,71.271539,1668452460
32.23479904,75.38923294,1668452460
32.2417005,75.37133891,1668452461
32.23197821,75.35536166,1668452461
32.21535693,75.35728046,1668452461
32.20845742,75.3751704,1668452461
32.21817725,75.39114564,1668452461
32.23479904,75.38923294,1668452461
27.93314081,71.88034781,1668452461
27.91833902,71.90835419,1668452461
24.40925404,71.23712606,1668452461
24.3915541,71.24645993,1668452461
24.3942117,71.26772525,1668452461
24.41355475,71.271539,1668452461
30.99212736,74.71337236,1668452461
30.96619833,74.6984731,1668452461
30.9902778,74.67985654,1668452461
24.42285261,71.25262592,1668452461
27.94728256,71.908787,1668452461
